cxcfile-hobbit24hour,image name-24hour,cellnum24hour,slice24hour,sumhobbit24hour,maxhobbit24hour,sumdilatedhobbit24hour,maxdilatedhobbit24hour,area24hour,sumlinc24hour,maxlinc24hour,sumdilatedlinc24hour,maxdilatedlinc24hour,url24hour
1,24hour-1.png,1,22,565651.1,6121.117,883457.06,6121.117,114.66,2519610.8,13134.624,3063548.2,13134.624,http://bioinfo/n/projects/jjl/public/zainab%20afzal/1-26-2017/processed/images-spotfire/24hour-1.png
1,24hour-1.png,2,21,1512372.5,5518.948,1964508.8,5518.948,191.433,3592094,9278.476,4362295,9278.476,http://bioinfo/n/projects/jjl/public/zainab%20afzal/1-26-2017/processed/images-spotfire/24hour-1.png
1,24hour-1.png,3,19,1948085.1,27721.016,2429995.5,27721.016,130.536,3285738,22278.223,3972775.8,22278.223,http://bioinfo/n/projects/jjl/public/zainab%20afzal/1-26-2017/processed/images-spotfire/24hour-1.png
1,24hour-1.png,4,15,986104.56,7231.3154,1447580.6,7231.3154,128.458,1184355.8,7188.926,1804225.9,7188.926,http://bioinfo/n/projects/jjl/public/zainab%20afzal/1-26-2017/processed/images-spotfire/24hour-1.png
1,24hour-1.png,5,7,467580,4667.7837,686163,4667.7837,186.788,1807790.9,3473.345,2227914.2,3473.345,http://bioinfo/n/projects/jjl/public/zainab%20afzal/1-26-2017/processed/images-spotfire/24hour-1.png
1,24hour-1.png,6,5,285605,2900.7158,347123.03,2900.7158,141.982,2289148.2,10485.213,2670777,10485.213,http://bioinfo/n/projects/jjl/public/zainab%20afzal/1-26-2017/processed/images-spotfire/24hour-1.png
1,24hour-1.png,7,20,2912677.5,11637.08,3661610.8,11637.08,149.666,3467520.5,9437.501,4380150.5,9437.501,http://bioinfo/n/projects/jjl/public/zainab%20afzal/1-26-2017/processed/images-spotfire/24hour-1.png
1,24hour-1.png,8,20,507339.03,10984.075,543503.1,10984.075,100.411,287959.6,2604.3071,323230.44,2604.3071,http://bioinfo/n/projects/jjl/public/zainab%20afzal/1-26-2017/processed/images-spotfire/24hour-1.png
1,24hour-1.png,9,15,1256246.8,8694.79,1447737.1,8694.79,102.469,1991429.4,9586.714,2396800.2,9586.714,http://bioinfo/n/projects/jjl/public/zainab%20afzal/1-26-2017/processed/images-spotfire/24hour-1.png
1,24hour-1.png,10,14,200626.53,4611.9663,325103.53,4611.9663,94.786,1079641.5,6331.976,1242457,6331.976,http://bioinfo/n/projects/jjl/public/zainab%20afzal/1-26-2017/processed/images-spotfire/24hour-1.png
1,24hour-1.png,11,18,922983.44,8201.572,1130859.9,8201.572,171.01,3063593.5,8055.356,4783421,8055.356,http://bioinfo/n/projects/jjl/public/zainab%20afzal/1-26-2017/processed/images-spotfire/24hour-1.png
1,24hour-1.png,12,22,1599541.8,6974.385,1805655.5,6974.385,210.622,2937064,17924.514,3196868.2,17924.514,http://bioinfo/n/projects/jjl/public/zainab%20afzal/1-26-2017/processed/images-spotfire/24hour-1.png
1,24hour-1.png,13,22,1683236.6,5839.6353,2022965.8,5839.6353,197.274,2291317.5,10951.208,3106149.8,11138.787,http://bioinfo/n/projects/jjl/public/zainab%20afzal/1-26-2017/processed/images-spotfire/24hour-1.png
1,24hour-1.png,14,22,2469113.5,13478.804,2648379.8,13478.804,187.905,2407510.2,7853.5396,2871451.2,7853.5396,http://bioinfo/n/projects/jjl/public/zainab%20afzal/1-26-2017/processed/images-spotfire/24hour-1.png
1,24hour-1.png,15,22,438188,5887.3813,839123.25,10021.18,161.053,1249031.4,11425.046,1955474.1,11425.046,http://bioinfo/n/projects/jjl/public/zainab%20afzal/1-26-2017/processed/images-spotfire/24hour-1.png
1,24hour-1.png,16,24,326978.3,4134.1304,648281.3,5470.5225,129.654,826662.5,2824.1636,1158488,2824.1636,http://bioinfo/n/projects/jjl/public/zainab%20afzal/1-26-2017/processed/images-spotfire/24hour-1.png
1,24hour-1.png,17,8,862891.3,9120.145,1240461.5,9120.145,98.118,775280.2,3339.6077,1075719.4,3339.6077,http://bioinfo/n/projects/jjl/public/zainab%20afzal/1-26-2017/processed/images-spotfire/24hour-1.png
1,24hour-1.png,18,18,714259.1,7555.531,851156.75,7555.531,101.038,714145.06,2201.2007,1199595,2630.6602,http://bioinfo/n/projects/jjl/public/zainab%20afzal/1-26-2017/processed/images-spotfire/24hour-1.png
2,24hour-2.png,1,17,3055245.5,7304.485,3848211.8,8239.186,117.541,2222113.8,8558.741,2532007.2,8558.741,http://bioinfo/n/projects/jjl/public/zainab%20afzal/1-26-2017/processed/images-spotfire/24hour-2.png
2,24hour-2.png,2,15,827835.9,5371.416,1338330.1,5371.416,126.302,1425890.4,3219.3533,2140860.2,3219.3533,http://bioinfo/n/projects/jjl/public/zainab%20afzal/1-26-2017/processed/images-spotfire/24hour-2.png
2,24hour-2.png,3,12,2558066.2,8247.683,4089517.8,9369.155,157.702,4795543,22517.602,5971938.5,22517.602,http://bioinfo/n/projects/jjl/public/zainab%20afzal/1-26-2017/processed/images-spotfire/24hour-2.png
2,24hour-2.png,4,11,3605233.5,12310.602,4153737.2,12310.602,166.404,5626471.5,20675.389,7682146,20675.389,http://bioinfo/n/projects/jjl/public/zainab%20afzal/1-26-2017/processed/images-spotfire/24hour-2.png
2,24hour-2.png,5,15,3383705.8,22520.889,3725040.5,22520.889,172.696,2140605.2,11548.913,2536178.2,11548.913,http://bioinfo/n/projects/jjl/public/zainab%20afzal/1-26-2017/processed/images-spotfire/24hour-2.png
2,24hour-2.png,6,11,1153523.5,7622.8755,1588245,7622.8755,152.527,1550431,13496.001,2549563.2,13496.001,http://bioinfo/n/projects/jjl/public/zainab%20afzal/1-26-2017/processed/images-spotfire/24hour-2.png
2,24hour-2.png,7,3,787597.25,6656.063,1073054.5,6656.063,175.106,1762831.6,18297.842,1889362.1,18297.842,http://bioinfo/n/projects/jjl/public/zainab%20afzal/1-26-2017/processed/images-spotfire/24hour-2.png
2,24hour-2.png,8,4,306411.4,5093.14,580015.25,8204.147,162.092,788407.5,6207.719,1107661.5,6207.719,http://bioinfo/n/projects/jjl/public/zainab%20afzal/1-26-2017/processed/images-spotfire/24hour-2.png
2,24hour-2.png,9,6,498987.8,5118.9277,1837796.5,37854.582,88.533,932500.56,3724.307,1557462.4,3724.307,http://bioinfo/n/projects/jjl/public/zainab%20afzal/1-26-2017/processed/images-spotfire/24hour-2.png
2,24hour-2.png,10,13,523740.88,6153.8936,646399.56,6153.8936,102.175,533802.25,4400.6284,1195677.2,4400.6284,http://bioinfo/n/projects/jjl/public/zainab%20afzal/1-26-2017/processed/images-spotfire/24hour-2.png
3,24hour-3.png,1,18,572774.2,7020.069,925110.44,7020.069,123.617,368026.7,6537.314,663944.2,6537.314,http://bioinfo/n/projects/jjl/public/zainab%20afzal/1-26-2017/processed/images-spotfire/24hour-3.png
3,24hour-3.png,2,17,928870.7,7773.6787,1085374.5,7773.6787,65.052,352792.3,2500.538,473578.34,2500.538,http://bioinfo/n/projects/jjl/public/zainab%20afzal/1-26-2017/processed/images-spotfire/24hour-3.png
3,24hour-3.png,3,21,1280058.8,9724.421,1568080.9,9724.421,117.149,854052.1,5056.972,1102288.5,5056.972,http://bioinfo/n/projects/jjl/public/zainab%20afzal/1-26-2017/processed/images-spotfire/24hour-3.png
3,24hour-3.png,4,19,1002850.44,5546.489,1426830.9,7151.3623,87.651,972709.25,7889.861,1189085.6,7889.861,http://bioinfo/n/projects/jjl/public/zainab%20afzal/1-26-2017/processed/images-spotfire/24hour-3.png
3,24hour-3.png,5,17,284620.5,4992.553,491571,5335.789,116.953,341116.03,2419.6301,419714.8,2419.6301,http://bioinfo/n/projects/jjl/public/zainab%20afzal/1-26-2017/processed/images-spotfire/24hour-3.png
3,24hour-3.png,6,18,130685.32,4026.9631,139965.62,4026.9631,103.743,502928.06,6496.04,519372.75,6496.04,http://bioinfo/n/projects/jjl/public/zainab%20afzal/1-26-2017/processed/images-spotfire/24hour-3.png
3,24hour-3.png,7,15,576399.1,6391.043,796287.06,6391.043,110.701,639450.9,3483.5513,701178.9,3483.5513,http://bioinfo/n/projects/jjl/public/zainab%20afzal/1-26-2017/processed/images-spotfire/24hour-3.png
3,24hour-3.png,8,19,2199423.8,20854.78,2512468,20854.78,116.894,1429762.2,9131.974,1771125.2,9131.974,http://bioinfo/n/projects/jjl/public/zainab%20afzal/1-26-2017/processed/images-spotfire/24hour-3.png
3,24hour-3.png,9,19,2058980.8,11876.168,2793674.8,11876.168,213.973,1716248.8,4496.5967,1954177.1,4496.5967,http://bioinfo/n/projects/jjl/public/zainab%20afzal/1-26-2017/processed/images-spotfire/24hour-3.png
3,24hour-3.png,10,18,646437.2,9901.384,1102132.2,9901.384,89.2,1026306,9759.107,2987118.5,24952.027,http://bioinfo/n/projects/jjl/public/zainab%20afzal/1-26-2017/processed/images-spotfire/24hour-3.png
3,24hour-3.png,11,18,1061140.8,9936.34,2242141.2,9936.34,131.555,789358.06,4451.1187,1251567,4451.1187,http://bioinfo/n/projects/jjl/public/zainab%20afzal/1-26-2017/processed/images-spotfire/24hour-3.png
3,24hour-3.png,12,14,1504830.6,10442.847,2133687.2,10442.847,191.453,1975140.8,10448.026,2707365,10448.026,http://bioinfo/n/projects/jjl/public/zainab%20afzal/1-26-2017/processed/images-spotfire/24hour-3.png
3,24hour-3.png,13,10,82892.125,3365.7192,520466.94,5539.979,74.852,184554.03,2338.6948,560391.94,2668.1392,http://bioinfo/n/projects/jjl/public/zainab%20afzal/1-26-2017/processed/images-spotfire/24hour-3.png
3,24hour-3.png,14,14,595805.06,8790.891,862945.75,11462.276,99.372,482263.06,5013.6577,521260.88,5013.6577,http://bioinfo/n/projects/jjl/public/zainab%20afzal/1-26-2017/processed/images-spotfire/24hour-3.png
3,24hour-3.png,15,22,1738309.2,13136.78,1869915.4,13136.78,122.52,786195.2,8647.385,1055777.4,10219.02,http://bioinfo/n/projects/jjl/public/zainab%20afzal/1-26-2017/processed/images-spotfire/24hour-3.png
3,24hour-3.png,16,16,914213.44,3021.5237,1220732.1,4278.9365,75.95,253763.64,1869.6415,415704.9,2224.127,http://bioinfo/n/projects/jjl/public/zainab%20afzal/1-26-2017/processed/images-spotfire/24hour-3.png
4,24hour-4.png,1,18,376565.97,2946.394,628095.1,2994.8887,108.133,674027.8,7458.5874,882889.7,7458.5874,http://bioinfo/n/projects/jjl/public/zainab%20afzal/1-26-2017/processed/images-spotfire/24hour-4.png
4,24hour-4.png,2,17,3294506.8,10609.385,3424138.2,10609.385,167.502,1201288.8,4246.638,1279204.6,4246.638,http://bioinfo/n/projects/jjl/public/zainab%20afzal/1-26-2017/processed/images-spotfire/24hour-4.png
4,24hour-4.png,3,18,1345361.1,18455.977,1522602.4,18455.977,120.736,3528853,22387.777,3890233.8,22387.777,http://bioinfo/n/projects/jjl/public/zainab%20afzal/1-26-2017/processed/images-spotfire/24hour-4.png
4,24hour-4.png,4,15,407431.88,6335.5674,833750.3,8259.802,110.191,260415.84,2130.764,519243.2,2662.11,http://bioinfo/n/projects/jjl/public/zainab%20afzal/1-26-2017/processed/images-spotfire/24hour-4.png
4,24hour-4.png,5,8,3374965.2,25171.469,3719569.2,25171.469,167.07,3712066,28486.035,3948650,28486.035,http://bioinfo/n/projects/jjl/public/zainab%20afzal/1-26-2017/processed/images-spotfire/24hour-4.png
4,24hour-4.png,6,21,1661186.4,23370.926,2202808.8,23370.926,206.917,2344295,6402.878,3585990.5,12172.548,http://bioinfo/n/projects/jjl/public/zainab%20afzal/1-26-2017/processed/images-spotfire/24hour-4.png
4,24hour-4.png,7,13,671144.44,7594.8257,2997336.8,23370.926,110.818,1487053.9,6320.307,2270996.5,6402.878,http://bioinfo/n/projects/jjl/public/zainab%20afzal/1-26-2017/processed/images-spotfire/24hour-4.png
4,24hour-4.png,8,17,1237166.4,15758.743,1354418.5,15758.743,134.103,503500.03,3001.1855,609122,3001.1855,http://bioinfo/n/projects/jjl/public/zainab%20afzal/1-26-2017/processed/images-spotfire/24hour-4.png
4,24hour-4.png,9,18,488905.7,4492.477,759668.5,4492.477,145.804,1422941.8,12172.548,1901123.1,12172.548,http://bioinfo/n/projects/jjl/public/zainab%20afzal/1-26-2017/processed/images-spotfire/24hour-4.png
4,24hour-4.png,10,20,2239095,14506.714,2422418.8,14506.714,170.638,1373287.5,13645.932,1461820.1,13645.932,http://bioinfo/n/projects/jjl/public/zainab%20afzal/1-26-2017/processed/images-spotfire/24hour-4.png
4,24hour-4.png,11,19,485183.88,5179.295,554481.5,5179.295,210.504,232212.27,2648.4287,251622.05,2648.4287,http://bioinfo/n/projects/jjl/public/zainab%20afzal/1-26-2017/processed/images-spotfire/24hour-4.png
4,24hour-4.png,12,11,203069.5,3638.4724,306061.75,3638.4724,161.132,968658.06,10883.166,1387488.4,10883.166,http://bioinfo/n/projects/jjl/public/zainab%20afzal/1-26-2017/processed/images-spotfire/24hour-4.png
4,24hour-4.png,13,22,1584870.6,10350.086,1712530.6,10350.086,135.103,309784.47,2772.4934,767296,5982.511,http://bioinfo/n/projects/jjl/public/zainab%20afzal/1-26-2017/processed/images-spotfire/24hour-4.png
4,24hour-4.png,14,22,503965.4,10256.376,620101.44,10256.376,144.04,1296967,9018.596,1566790.5,9018.596,http://bioinfo/n/projects/jjl/public/zainab%20afzal/1-26-2017/processed/images-spotfire/24hour-4.png
5,24hour-5.png,1,22,226836.12,4741.1855,478700.22,4963.1206,115.366,362025.88,4991.3516,493349.97,4991.3516,http://bioinfo/n/projects/jjl/public/zainab%20afzal/1-26-2017/processed/images-spotfire/24hour-5.png
5,24hour-5.png,2,22,1242886.8,11577.238,1271325,11577.238,97.706,170708.64,3012.4094,187275.22,3012.4094,http://bioinfo/n/projects/jjl/public/zainab%20afzal/1-26-2017/processed/images-spotfire/24hour-5.png
5,24hour-5.png,3,15,1011827.75,8351.471,1180068.9,8351.471,168.462,398052.44,2493.5874,439419.38,2493.5874,http://bioinfo/n/projects/jjl/public/zainab%20afzal/1-26-2017/processed/images-spotfire/24hour-5.png
5,24hour-5.png,4,14,1373334,13038.364,1582151.1,13038.364,123.97,1056036,13549.313,1212663.4,13549.313,http://bioinfo/n/projects/jjl/public/zainab%20afzal/1-26-2017/processed/images-spotfire/24hour-5.png
5,24hour-5.png,5,8,628460.6,5806.2305,1486838.9,13038.364,150.234,1075960.9,8019.313,1467494.9,8019.313,http://bioinfo/n/projects/jjl/public/zainab%20afzal/1-26-2017/processed/images-spotfire/24hour-5.png
5,24hour-5.png,6,17,2051628.5,7938.421,2475444.2,7938.421,126.988,807681.06,3818.285,916695.06,3818.285,http://bioinfo/n/projects/jjl/public/zainab%20afzal/1-26-2017/processed/images-spotfire/24hour-5.png
5,24hour-5.png,7,20,618119.9,6750.5996,717064.6,6750.5996,102.136,241832.3,2718.6753,307157.94,2718.6753,http://bioinfo/n/projects/jjl/public/zainab%20afzal/1-26-2017/processed/images-spotfire/24hour-5.png
5,24hour-5.png,8,12,709957.25,6974.817,877672.25,6974.817,123.304,354494.8,6284.2974,406166.34,6284.2974,http://bioinfo/n/projects/jjl/public/zainab%20afzal/1-26-2017/processed/images-spotfire/24hour-5.png
5,24hour-5.png,9,11,369321.38,5828.9893,533668.25,5828.9893,94.237,249211.08,2875.8455,385603.5,2875.8455,http://bioinfo/n/projects/jjl/public/zainab%20afzal/1-26-2017/processed/images-spotfire/24hour-5.png
5,24hour-5.png,10,22,608879.1,4685.8276,701910.25,4685.8276,180.555,824202.94,6441.4717,843952.44,6441.4717,http://bioinfo/n/projects/jjl/public/zainab%20afzal/1-26-2017/processed/images-spotfire/24hour-5.png
5,24hour-5.png,11,16,96170.586,2208.7568,173846.03,2328.26,94.139,330576.97,4566.797,427782.25,4566.797,http://bioinfo/n/projects/jjl/public/zainab%20afzal/1-26-2017/processed/images-spotfire/24hour-5.png
5,24hour-5.png,12,11,632867,5146.7236,1028851.5,5951.576,160.132,1208680,8846.014,1322943.8,8846.014,http://bioinfo/n/projects/jjl/public/zainab%20afzal/1-26-2017/processed/images-spotfire/24hour-5.png
5,24hour-5.png,13,17,337241.53,2670.875,425253.6,2670.875,109.897,1166721.8,10285.48,1188040.6,10285.48,http://bioinfo/n/projects/jjl/public/zainab%20afzal/1-26-2017/processed/images-spotfire/24hour-5.png
5,24hour-5.png,14,19,104287.055,3398.8171,208528.03,4929.519,118.894,463810.06,5833.8716,586888.94,5833.8716,http://bioinfo/n/projects/jjl/public/zainab%20afzal/1-26-2017/processed/images-spotfire/24hour-5.png
5,24hour-5.png,15,8,190096.83,2472.1206,525148.6,5317.713,102.567,193487.03,1899.3275,341373.5,2232.1365,http://bioinfo/n/projects/jjl/public/zainab%20afzal/1-26-2017/processed/images-spotfire/24hour-5.png
5,24hour-5.png,16,15,22522.758,1967.8893,157085.27,5615.7085,105.448,123344.42,1962.3329,150099.06,1962.3329,http://bioinfo/n/projects/jjl/public/zainab%20afzal/1-26-2017/processed/images-spotfire/24hour-5.png
5,24hour-5.png,17,22,606532.4,7290.324,1176207.9,8577.348,158.858,578600.6,3632.5588,671069.5,3632.5588,http://bioinfo/n/projects/jjl/public/zainab%20afzal/1-26-2017/processed/images-spotfire/24hour-5.png
6,24hour-6.png,1,22,1643756.5,9520.117,2188785.8,9520.117,177.576,590985.5,2630.444,1535878.5,14994.785,http://bioinfo/n/projects/jjl/public/zainab%20afzal/1-26-2017/processed/images-spotfire/24hour-6.png
6,24hour-6.png,2,19,2259762.8,7274.317,2508188.2,7274.317,176.165,1681661.5,10020.712,1974440.5,10020.712,http://bioinfo/n/projects/jjl/public/zainab%20afzal/1-26-2017/processed/images-spotfire/24hour-6.png
6,24hour-6.png,3,18,1076193.2,7597.0947,1289382,7597.0947,151.861,1467118,13098.805,2075976.5,13098.805,http://bioinfo/n/projects/jjl/public/zainab%20afzal/1-26-2017/processed/images-spotfire/24hour-6.png
6,24hour-6.png,4,10,42551.64,2236.6013,226734.55,3863.3174,147.941,65242.273,1950.8423,119055.016,1950.8423,http://bioinfo/n/projects/jjl/public/zainab%20afzal/1-26-2017/processed/images-spotfire/24hour-6.png
6,24hour-6.png,5,6,938733.2,6123.7734,1510669.4,6866.4517,144.628,1182223.6,8131.0474,1710856.6,10060.841,http://bioinfo/n/projects/jjl/public/zainab%20afzal/1-26-2017/processed/images-spotfire/24hour-6.png
6,24hour-6.png,6,7,2077153.5,8845.1,3195463,8845.1,193.276,1854071.4,8345.184,2675327.2,8345.184,http://bioinfo/n/projects/jjl/public/zainab%20afzal/1-26-2017/processed/images-spotfire/24hour-6.png
6,24hour-6.png,7,21,1419223.1,7365.943,1909893.6,7365.943,170.775,651826.6,5695.462,1410537.6,8962.095,http://bioinfo/n/projects/jjl/public/zainab%20afzal/1-26-2017/processed/images-spotfire/24hour-6.png
6,24hour-6.png,8,19,1860846.5,8123.3276,2644919.8,8845.1,224.636,2699159.8,10169.844,3143494.8,10169.844,http://bioinfo/n/projects/jjl/public/zainab%20afzal/1-26-2017/processed/images-spotfire/24hour-6.png
6,24hour-6.png,9,15,1028528.1,6399.19,1464942.2,7493.6733,187.219,1156953.4,7181.006,1342151.4,7181.006,http://bioinfo/n/projects/jjl/public/zainab%20afzal/1-26-2017/processed/images-spotfire/24hour-6.png
6,24hour-6.png,10,21,1630179.2,6961.9653,1763068.4,6961.9653,190.512,784490.5,8962.095,1056669.2,8962.095,http://bioinfo/n/projects/jjl/public/zainab%20afzal/1-26-2017/processed/images-spotfire/24hour-6.png
6,24hour-6.png,11,16,196162.81,2247.1536,267593.72,2451.5752,82.085,136778.27,2224.685,263588.9,2442.1423,http://bioinfo/n/projects/jjl/public/zainab%20afzal/1-26-2017/processed/images-spotfire/24hour-6.png
6,24hour-6.png,12,13,1200814.9,7413.5776,1462116.1,7413.5776,185.847,374162.62,2564.1978,468915.1,2564.1978,http://bioinfo/n/projects/jjl/public/zainab%20afzal/1-26-2017/processed/images-spotfire/24hour-6.png
6,24hour-6.png,13,11,565967.7,5079.3423,776662.56,5079.3423,176.949,959463.7,5252.817,1030081.4,5252.817,http://bioinfo/n/projects/jjl/public/zainab%20afzal/1-26-2017/processed/images-spotfire/24hour-6.png
6,24hour-6.png,14,1,1420787.9,13506.69,1496439,13506.69,187.415,654125.2,4120.274,957343.75,4120.274,http://bioinfo/n/projects/jjl/public/zainab%20afzal/1-26-2017/processed/images-spotfire/24hour-6.png
7,24hour-7.png,1,17,880907.56,3120.1213,1033318.94,3120.1213,158.897,1793335.4,6804.783,2745594.5,9136.8545,http://bioinfo/n/projects/jjl/public/zainab%20afzal/1-26-2017/processed/images-spotfire/24hour-7.png
7,24hour-7.png,2,16,1160903.2,9869.17,1685317.4,9869.17,124.93,2507181.5,15828.963,2845765.2,15828.963,http://bioinfo/n/projects/jjl/public/zainab%20afzal/1-26-2017/processed/images-spotfire/24hour-7.png
7,24hour-7.png,3,16,214888.52,2450.3604,394351.16,4850.2383,149.136,514794.72,6340.0347,779145.8,6340.0347,http://bioinfo/n/projects/jjl/public/zainab%20afzal/1-26-2017/processed/images-spotfire/24hour-7.png
7,24hour-7.png,4,8,437052,4323.1826,614192.5,4492.197,111.74,837197.56,3361.4453,952243.25,3361.4453,http://bioinfo/n/projects/jjl/public/zainab%20afzal/1-26-2017/processed/images-spotfire/24hour-7.png
7,24hour-7.png,5,21,3335296.8,10682.384,3732825.8,10682.384,155.977,2874525.2,11722.6875,3001450.8,11722.6875,http://bioinfo/n/projects/jjl/public/zainab%20afzal/1-26-2017/processed/images-spotfire/24hour-7.png
7,24hour-7.png,6,17,1413787.1,6011.8584,1816710.5,6416.5728,184.789,1784278,15131.161,1963949,15131.161,http://bioinfo/n/projects/jjl/public/zainab%20afzal/1-26-2017/processed/images-spotfire/24hour-7.png
7,24hour-7.png,7,16,2149943.5,15241.598,2537035.5,15241.598,140.16,3061230,24963.795,3170189.5,24963.795,http://bioinfo/n/projects/jjl/public/zainab%20afzal/1-26-2017/processed/images-spotfire/24hour-7.png
7,24hour-7.png,8,17,1543943.9,8454.589,2311193,8939.104,121.402,632266.8,2429.6648,1072757.5,2902.548,http://bioinfo/n/projects/jjl/public/zainab%20afzal/1-26-2017/processed/images-spotfire/24hour-7.png
7,24hour-7.png,9,14,1285300.6,13927.572,1495424.2,13927.572,147.274,435370.6,2749.587,484180.8,2749.587,http://bioinfo/n/projects/jjl/public/zainab%20afzal/1-26-2017/processed/images-spotfire/24hour-7.png
7,24hour-7.png,10,17,1927557.4,7572.469,2279544.2,7572.469,118.423,1676084.9,11629.237,2123757.5,11629.237,http://bioinfo/n/projects/jjl/public/zainab%20afzal/1-26-2017/processed/images-spotfire/24hour-7.png
7,24hour-7.png,11,19,2014130.2,18577.936,2396172.2,18577.936,133.848,1144724.9,4980.354,1192476.1,4980.354,http://bioinfo/n/projects/jjl/public/zainab%20afzal/1-26-2017/processed/images-spotfire/24hour-7.png
7,24hour-7.png,12,16,399806.2,7123.9956,756263,8263.683,88.886,228103.58,4454.896,343212.9,4454.896,http://bioinfo/n/projects/jjl/public/zainab%20afzal/1-26-2017/processed/images-spotfire/24hour-7.png
7,24hour-7.png,13,14,397601.28,3572.5857,554248.2,3572.5857,99.156,925753.3,2852.1516,1106981.5,2852.1516,http://bioinfo/n/projects/jjl/public/zainab%20afzal/1-26-2017/processed/images-spotfire/24hour-7.png
7,24hour-7.png,14,13,900125.44,15441.72,1071320.5,15441.72,126.008,346373.94,3463.8215,446279.6,3463.8215,http://bioinfo/n/projects/jjl/public/zainab%20afzal/1-26-2017/processed/images-spotfire/24hour-7.png
7,24hour-7.png,15,14,2403242.5,10245.5,2466750.2,10245.5,155.624,1540731.4,12318.323,1589151.1,12318.323,http://bioinfo/n/projects/jjl/public/zainab%20afzal/1-26-2017/processed/images-spotfire/24hour-7.png
7,24hour-7.png,16,1,287849.66,8173.9546,320671.6,8173.9546,140.944,147234.05,1753.7079,277677.12,2011.6809,http://bioinfo/n/projects/jjl/public/zainab%20afzal/1-26-2017/processed/images-spotfire/24hour-7.png
8,24hour-8.png,1,16,1212647,9668.714,1467138.4,9668.714,121.442,1731187.1,19591.814,1902858.9,19591.814,http://bioinfo/n/projects/jjl/public/zainab%20afzal/1-26-2017/processed/images-spotfire/24hour-8.png
8,24hour-8.png,2,6,1228836.6,7571.69,2362494.2,7571.69,156.722,1827346.5,7048.3325,4844884.5,34059.785,http://bioinfo/n/projects/jjl/public/zainab%20afzal/1-26-2017/processed/images-spotfire/24hour-8.png
8,24hour-8.png,3,4,1113501,16332.64,1294030,16332.64,164.797,1825665.6,26256.668,2207342.5,26256.668,http://bioinfo/n/projects/jjl/public/zainab%20afzal/1-26-2017/processed/images-spotfire/24hour-8.png
8,24hour-8.png,4,8,2771981.5,13238.791,3526080.2,14101.856,194.314,5169704,34059.785,6268486.5,34059.785,http://bioinfo/n/projects/jjl/public/zainab%20afzal/1-26-2017/processed/images-spotfire/24hour-8.png
8,24hour-8.png,5,9,990790.9,4620.3564,1811846.6,8153.5366,171.5,2238938.8,6702.9814,3842514,6702.9814,http://bioinfo/n/projects/jjl/public/zainab%20afzal/1-26-2017/processed/images-spotfire/24hour-8.png
8,24hour-8.png,6,18,2008544,8905.577,3203199.8,12017.196,186.004,2178314.8,3666.8245,3366171.2,3876.2695,http://bioinfo/n/projects/jjl/public/zainab%20afzal/1-26-2017/processed/images-spotfire/24hour-8.png
8,24hour-8.png,7,10,1303570.2,8797.421,1816188.6,8797.421,166.306,1408484.5,2925.8538,2197186.8,8130.394,http://bioinfo/n/projects/jjl/public/zainab%20afzal/1-26-2017/processed/images-spotfire/24hour-8.png
8,24hour-8.png,8,15,1044372,6488.6895,2347361.2,21855.588,132.653,1503799.4,6631.806,1828580.1,6631.806,http://bioinfo/n/projects/jjl/public/zainab%20afzal/1-26-2017/processed/images-spotfire/24hour-8.png
8,24hour-8.png,9,21,1266233.8,14639.774,1425301.2,14639.774,87.592,586648.25,5273.135,688562.3,5273.135,http://bioinfo/n/projects/jjl/public/zainab%20afzal/1-26-2017/processed/images-spotfire/24hour-8.png
8,24hour-8.png,10,17,1570433.6,8474.588,1725839.9,8474.588,159.191,1201194.5,2780.7446,1827539.4,2780.7446,http://bioinfo/n/projects/jjl/public/zainab%20afzal/1-26-2017/processed/images-spotfire/24hour-8.png
8,24hour-8.png,11,10,616553.2,9377.249,909809.1,9377.249,122.755,273495.94,2594.838,356166.56,2594.838,http://bioinfo/n/projects/jjl/public/zainab%20afzal/1-26-2017/processed/images-spotfire/24hour-8.png
8,24hour-8.png,12,22,2547421,12510.623,3770586.2,12510.623,212.052,2746777.2,5616.7646,3613904.8,5616.7646,http://bioinfo/n/projects/jjl/public/zainab%20afzal/1-26-2017/processed/images-spotfire/24hour-8.png
8,24hour-8.png,13,30,499082.16,5137.1177,533347.94,5137.1177,144.178,427058.22,2700.4558,479798.72,2700.4558,http://bioinfo/n/projects/jjl/public/zainab%20afzal/1-26-2017/processed/images-spotfire/24hour-8.png
9,24hour-9.png,1,21,3004261,7506.1514,3333562.2,7506.1514,175.361,2588405.5,13894.337,3278066.8,13894.337,http://bioinfo/n/projects/jjl/public/zainab%20afzal/1-26-2017/processed/images-spotfire/24hour-9.png
9,24hour-9.png,2,1,581188.94,5835.389,765178.5,5835.389,116.248,1129857.2,5527.2153,1265132.5,5527.2153,http://bioinfo/n/projects/jjl/public/zainab%20afzal/1-26-2017/processed/images-spotfire/24hour-9.png
9,24hour-9.png,3,19,1427372,8320.182,2496931,16438.516,173.225,1470569.1,9524.293,1913404.9,9524.293,http://bioinfo/n/projects/jjl/public/zainab%20afzal/1-26-2017/processed/images-spotfire/24hour-9.png
9,24hour-9.png,4,12,967012.94,10043.16,1111030,10043.16,144.609,2097982.5,17074.96,2510919,17074.96,http://bioinfo/n/projects/jjl/public/zainab%20afzal/1-26-2017/processed/images-spotfire/24hour-9.png
9,24hour-9.png,5,18,6947279,37152.01,7416362.5,37152.01,176.322,4263781,19217.998,5152535.5,19217.998,http://bioinfo/n/projects/jjl/public/zainab%20afzal/1-26-2017/processed/images-spotfire/24hour-9.png
9,24hour-9.png,6,20,2454441,11972.273,2756638.5,11972.273,159.407,2594147,9182.456,2927852.2,9182.456,http://bioinfo/n/projects/jjl/public/zainab%20afzal/1-26-2017/processed/images-spotfire/24hour-9.png
9,24hour-9.png,7,22,2765515,12380.723,3697257,12380.723,212.17,2991595,6138.1167,3880080,6138.1167,http://bioinfo/n/projects/jjl/public/zainab%20afzal/1-26-2017/processed/images-spotfire/24hour-9.png
9,24hour-9.png,8,6,2533991,13974.278,3096271.5,13974.278,212.17,2757709.5,7965.773,3459559.8,7965.773,http://bioinfo/n/projects/jjl/public/zainab%20afzal/1-26-2017/processed/images-spotfire/24hour-9.png
9,24hour-9.png,9,16,3927793.2,10692.145,4606433,10692.145,118.364,2520997.5,7664.5923,3069335,7664.5923,http://bioinfo/n/projects/jjl/public/zainab%20afzal/1-26-2017/processed/images-spotfire/24hour-9.png
9,24hour-9.png,10,22,695132.9,3310.0896,1656276.1,11169.342,174.166,1286982.9,11616.846,4909515.5,42516.94,http://bioinfo/n/projects/jjl/public/zainab%20afzal/1-26-2017/processed/images-spotfire/24hour-9.png
9,24hour-9.png,11,13,625629.4,6221.1562,875752.25,6700.611,146.843,2267784.5,21021.775,2847194.2,21021.775,http://bioinfo/n/projects/jjl/public/zainab%20afzal/1-26-2017/processed/images-spotfire/24hour-9.png
9,24hour-9.png,12,9,276819.03,3904.5073,905477.8,5301.131,88.984,397038.6,2367.28,887146.3,2738.4856,http://bioinfo/n/projects/jjl/public/zainab%20afzal/1-26-2017/processed/images-spotfire/24hour-9.png
9,24hour-9.png,13,19,583785.8,6183.863,1270890.6,6265.607,165.346,969844.1,3925.868,1298731.4,3925.868,http://bioinfo/n/projects/jjl/public/zainab%20afzal/1-26-2017/processed/images-spotfire/24hour-9.png
9,24hour-9.png,14,22,80326.56,2113.0833,385168.78,6876.7573,97.765,292772.66,2060.4854,379910.25,2231.128,http://bioinfo/n/projects/jjl/public/zainab%20afzal/1-26-2017/processed/images-spotfire/24hour-9.png
9,24hour-9.png,15,14,534854.25,6876.7573,816922.56,6876.7573,186.239,1188641.9,10942.765,1318309.6,10942.765,http://bioinfo/n/projects/jjl/public/zainab%20afzal/1-26-2017/processed/images-spotfire/24hour-9.png
9,24hour-9.png,16,10,468037.6,6197.7236,743527,6197.7236,142.512,2823573.8,19262.635,3271455.5,19262.635,http://bioinfo/n/projects/jjl/public/zainab%20afzal/1-26-2017/processed/images-spotfire/24hour-9.png
10,24hour-10.png,1,19,862697.75,2666.5063,1255418.6,2666.5063,169.756,2688912.8,20899.166,2963415.2,20899.166,http://bioinfo/n/projects/jjl/public/zainab%20afzal/1-26-2017/processed/images-spotfire/24hour-10.png
10,24hour-10.png,2,19,612259.1,6467.852,832267.94,6467.852,155.8,1488061.6,8444.338,1609732.9,8444.338,http://bioinfo/n/projects/jjl/public/zainab%20afzal/1-26-2017/processed/images-spotfire/24hour-10.png
10,24hour-10.png,3,18,1176750.5,7372.6553,1901499,9094.839,128.145,1414671.6,11196.216,1516905,11196.216,http://bioinfo/n/projects/jjl/public/zainab%20afzal/1-26-2017/processed/images-spotfire/24hour-10.png
10,24hour-10.png,4,12,2524113.2,23788.213,2537082.5,23788.213,124.166,1562597.5,12128.191,1617292.5,12128.191,http://bioinfo/n/projects/jjl/public/zainab%20afzal/1-26-2017/processed/images-spotfire/24hour-10.png
10,24hour-10.png,5,17,1235034.9,7186.57,2129712.2,7186.57,168.972,1161747.1,5161.714,1529042.6,5161.714,http://bioinfo/n/projects/jjl/public/zainab%20afzal/1-26-2017/processed/images-spotfire/24hour-10.png
10,24hour-10.png,6,17,762452.8,3907.3254,1046315.4,3907.3254,168.874,2169131.8,14187.443,2594227,14187.443,http://bioinfo/n/projects/jjl/public/zainab%20afzal/1-26-2017/processed/images-spotfire/24hour-10.png
10,24hour-10.png,7,15,2666064.2,8056.5894,3237218,8056.5894,154.644,2766870,6342.4575,3900117.2,6342.4575,http://bioinfo/n/projects/jjl/public/zainab%20afzal/1-26-2017/processed/images-spotfire/24hour-10.png
10,24hour-10.png,8,17,2556273.2,13870.242,3023471,13870.242,142.002,8040779.5,67310.4,9124305,67310.4,http://bioinfo/n/projects/jjl/public/zainab%20afzal/1-26-2017/processed/images-spotfire/24hour-10.png
10,24hour-10.png,9,10,2625202.5,11365.79,3313020.8,11365.79,133.672,3491315,21673.885,4876026,21673.885,http://bioinfo/n/projects/jjl/public/zainab%20afzal/1-26-2017/processed/images-spotfire/24hour-10.png
10,24hour-10.png,10,14,3683961.5,15639.325,3965685.8,15639.325,117.247,4757815,11346.462,5087020,11346.462,http://bioinfo/n/projects/jjl/public/zainab%20afzal/1-26-2017/processed/images-spotfire/24hour-10.png
10,24hour-10.png,11,17,1353900.1,7021.626,1999568.5,8184.363,174.185,1250702.2,9908.032,1589300.4,9908.032,http://bioinfo/n/projects/jjl/public/zainab%20afzal/1-26-2017/processed/images-spotfire/24hour-10.png
10,24hour-10.png,12,17,1615211.6,7271.176,2336008,13870.242,158.152,2105580.2,13641.362,2684614.5,13641.362,http://bioinfo/n/projects/jjl/public/zainab%20afzal/1-26-2017/processed/images-spotfire/24hour-10.png
10,24hour-10.png,13,17,507456.62,6824.3354,632675.44,6824.3354,138.102,1343318.6,12364.125,1396218.5,12364.125,http://bioinfo/n/projects/jjl/public/zainab%20afzal/1-26-2017/processed/images-spotfire/24hour-10.png
10,24hour-10.png,14,13,553636.6,6159.607,767633.8,6159.607,164.091,2912597.2,13110.817,3255867.2,13110.817,http://bioinfo/n/projects/jjl/public/zainab%20afzal/1-26-2017/processed/images-spotfire/24hour-10.png
10,24hour-10.png,15,17,326708.16,4434.0415,669538.94,5970.21,141.159,1682781.9,9545.681,2058619.9,9545.681,http://bioinfo/n/projects/jjl/public/zainab%20afzal/1-26-2017/processed/images-spotfire/24hour-10.png
10,24hour-10.png,16,17,974764.75,6089.1304,1104957.5,6089.1304,134.417,1215007.4,13309.473,1549732,13309.473,http://bioinfo/n/projects/jjl/public/zainab%20afzal/1-26-2017/processed/images-spotfire/24hour-10.png
10,24hour-10.png,17,16,711453.44,8255.591,779950.9,8255.591,109.642,2129747.2,13300.412,2198120,13300.412,http://bioinfo/n/projects/jjl/public/zainab%20afzal/1-26-2017/processed/images-spotfire/24hour-10.png